{
  "properties": {
    "connectionReferences": {
      "shared_commondataserviceforapps": {
        "runtimeSource": "embedded",
        "connection": {
          "connectionReferenceLogicalName": "navvis_sharedcommondataserviceforapps_a0eb1"
        },
        "api": {
          "name": "shared_commondataserviceforapps"
        }
      }
    },
    "definition": {
      "$schema": "https://schema.management.azure.com/providers/Microsoft.Logic/schemas/2016-06-01/workflowdefinition.json#",
      "contentVersion": "1.0.0.0",
      "parameters": {
        "$connections": {
          "defaultValue": {},
          "type": "Object"
        },
        "$authentication": {
          "defaultValue": {},
          "type": "SecureObject"
        }
      },
      "triggers": {
        "When_a_row_is_added,_modified_or_deleted": {
          "metadata": {
            "operationMetadataId": "3ca99d75-3e6f-4148-afe5-f19c82b9eff9"
          },
          "type": "OpenApiConnectionWebhook",
          "inputs": {
            "host": {
              "connectionName": "shared_commondataserviceforapps",
              "operationId": "SubscribeWebhookTrigger",
              "apiId": "/providers/Microsoft.PowerApps/apis/shared_commondataserviceforapps"
            },
            "parameters": {
              "subscriptionRequest/message": 1,
              "subscriptionRequest/entityname": "navvis_delivery",
              "subscriptionRequest/scope": 4
            },
            "authentication": "@parameters('$authentication')"
          }
        }
      },
      "actions": {
        "Update_Delivery_Name": {
          "runAfter": {
            "Set_DeliveryName": [
              "Succeeded"
            ]
          },
          "metadata": {
            "operationMetadataId": "3bff6dfc-6f5a-4cd0-a9a6-789ac8e50fe0"
          },
          "type": "OpenApiConnection",
          "inputs": {
            "host": {
              "connectionName": "shared_commondataserviceforapps",
              "operationId": "UpdateRecord",
              "apiId": "/providers/Microsoft.PowerApps/apis/shared_commondataserviceforapps"
            },
            "parameters": {
              "entityName": "navvis_deliveries",
              "recordId": "@triggerOutputs()?['body/navvis_deliveryid']",
              "item/navvis_name": "@variables('DeliveryName')"
            },
            "authentication": "@parameters('$authentication')"
          }
        },
        "Get_Customer_Name": {
          "runAfter": {},
          "metadata": {
            "operationMetadataId": "6adc0b54-62ca-4064-99a4-da4872a06124"
          },
          "type": "OpenApiConnection",
          "inputs": {
            "host": {
              "connectionName": "shared_commondataserviceforapps",
              "operationId": "GetItem",
              "apiId": "/providers/Microsoft.PowerApps/apis/shared_commondataserviceforapps"
            },
            "parameters": {
              "entityName": "accounts",
              "recordId": "@triggerOutputs()?['body/_navvis_customerid_value']"
            },
            "authentication": "@parameters('$authentication')"
          }
        },
        "Initialize_DeliveryName": {
          "runAfter": {
            "Get_Customer_Name": [
              "Succeeded"
            ]
          },
          "metadata": {
            "operationMetadataId": "d3313b14-71eb-4fd5-ae53-fa095186a5ba"
          },
          "type": "InitializeVariable",
          "inputs": {
            "variables": [
              {
                "name": "DeliveryName",
                "type": "string"
              }
            ]
          }
        },
        "Set_DeliveryName": {
          "runAfter": {
            "Initialize_DeliveryName": [
              "Succeeded"
            ]
          },
          "metadata": {
            "operationMetadataId": "0e8453c7-6012-4378-94e6-54eb1c687680"
          },
          "type": "SetVariable",
          "inputs": {
            "name": "DeliveryName",
            "value": "@{outputs('Get_Customer_Name')?['body/name']} - @{triggerOutputs()?['body/navvis_ordernumber']} - @{formatDateTime(triggerOutputs()?['body/navvis_deliverydate'], 'dd.MM.yyyy')}"
          }
        },
        "List_Delivery_Products": {
          "runAfter": {
            "Update_Delivery_Name": [
              "Succeeded"
            ]
          },
          "metadata": {
            "operationMetadataId": "b571269d-f8a7-4ad4-aa54-dfd665fc575d"
          },
          "type": "OpenApiConnection",
          "inputs": {
            "host": {
              "connectionName": "shared_commondataserviceforapps",
              "operationId": "ListRecords",
              "apiId": "/providers/Microsoft.PowerApps/apis/shared_commondataserviceforapps"
            },
            "parameters": {
              "entityName": "navvis_deliveryproducts",
              "fetchXml": "<fetch>\n  <entity name=\"navvis_deliveryproduct\">\n    <filter>\n      <condition attribute=\"navvis_deliveryid\" operator=\"eq\" value=\"@{triggerOutputs()?['body/navvis_deliveryid']}\"/>\n    </filter>\n  </entity>\n</fetch>"
            },
            "authentication": "@parameters('$authentication')"
          }
        },
        "Apply_to_each": {
          "foreach": "@outputs('List_Delivery_Products')?['body/value']",
          "actions": {
            "Get_Product_Name": {
              "runAfter": {},
              "metadata": {
                "operationMetadataId": "5ebb3072-f06d-441d-992d-f8f74a195e80"
              },
              "type": "OpenApiConnection",
              "inputs": {
                "host": {
                  "connectionName": "shared_commondataserviceforapps",
                  "operationId": "GetItem",
                  "apiId": "/providers/Microsoft.PowerApps/apis/shared_commondataserviceforapps"
                },
                "parameters": {
                  "entityName": "products",
                  "recordId": "@items('Apply_to_each')?['_navvis_productid_value']"
                },
                "authentication": "@parameters('$authentication')"
              }
            },
            "Update_a_row": {
              "runAfter": {
                "Get_Product_Name": [
                  "Succeeded"
                ]
              },
              "metadata": {
                "operationMetadataId": "f400c1d9-bac7-45f2-8f29-e078f9809135"
              },
              "type": "OpenApiConnection",
              "inputs": {
                "host": {
                  "connectionName": "shared_commondataserviceforapps",
                  "operationId": "UpdateRecord",
                  "apiId": "/providers/Microsoft.PowerApps/apis/shared_commondataserviceforapps"
                },
                "parameters": {
                  "entityName": "navvis_deliveryproducts",
                  "recordId": "@items('Apply_to_each')?['navvis_deliveryproductid']",
                  "item/navvis_salesdeliverydetailname": "@{variables('DeliveryName')} - @{items('Apply_to_each')?['navvis_quantity']} - @{outputs('Get_Product_Name')?['body/name']}"
                },
                "authentication": "@parameters('$authentication')"
              }
            }
          },
          "runAfter": {
            "List_Delivery_Products": [
              "Succeeded"
            ]
          },
          "metadata": {
            "operationMetadataId": "3c986433-a74a-4569-90f9-c77943bff5b0"
          },
          "type": "Foreach"
        }
      }
    },
    "templateName": ""
  },
  "schemaVersion": "1.0.0.0"
}