{
  "properties": {
    "connectionReferences": {
      "shared_commondataserviceforapps": {
        "runtimeSource": "embedded",
        "connection": {
          "connectionReferenceLogicalName": "navvis_sharedcommondataserviceforapps_a0eb1"
        },
        "api": {
          "name": "shared_commondataserviceforapps"
        }
      }
    },
    "definition": {
      "$schema": "https://schema.management.azure.com/providers/Microsoft.Logic/schemas/2016-06-01/workflowdefinition.json#",
      "contentVersion": "1.0.0.0",
      "parameters": {
        "$connections": {
          "defaultValue": {},
          "type": "Object"
        },
        "$authentication": {
          "defaultValue": {},
          "type": "SecureObject"
        }
      },
      "triggers": {
        "When_a_row_is_added,_modified_or_deleted": {
          "metadata": {
            "operationMetadataId": "353d888d-43d0-4b96-9bec-45ee203c8b88"
          },
          "type": "OpenApiConnectionWebhook",
          "inputs": {
            "host": {
              "connectionName": "shared_commondataserviceforapps",
              "operationId": "SubscribeWebhookTrigger",
              "apiId": "/providers/Microsoft.PowerApps/apis/shared_commondataserviceforapps"
            },
            "parameters": {
              "subscriptionRequest/message": 1,
              "subscriptionRequest/entityname": "navvis_deliveryproduct",
              "subscriptionRequest/scope": 4
            },
            "authentication": "@parameters('$authentication')"
          }
        }
      },
      "actions": {
        "Get_Product_Name": {
          "runAfter": {
            "Get_Delivery_Name": [
              "Succeeded"
            ]
          },
          "metadata": {
            "operationMetadataId": "d803a8a7-f095-4749-9498-9314a9393460"
          },
          "type": "OpenApiConnection",
          "inputs": {
            "host": {
              "connectionName": "shared_commondataserviceforapps",
              "operationId": "GetItem",
              "apiId": "/providers/Microsoft.PowerApps/apis/shared_commondataserviceforapps"
            },
            "parameters": {
              "entityName": "products",
              "recordId": "@triggerOutputs()?['body/_navvis_productid_value']"
            },
            "authentication": "@parameters('$authentication')"
          }
        },
        "Update_Delivery_Product_Name": {
          "runAfter": {
            "Get_Product_Name": [
              "Succeeded"
            ]
          },
          "metadata": {
            "operationMetadataId": "f6354d15-214e-4bf8-a955-b4fac13777c8"
          },
          "type": "OpenApiConnection",
          "inputs": {
            "host": {
              "connectionName": "shared_commondataserviceforapps",
              "operationId": "UpdateRecord",
              "apiId": "/providers/Microsoft.PowerApps/apis/shared_commondataserviceforapps"
            },
            "parameters": {
              "entityName": "navvis_deliveryproducts",
              "recordId": "@triggerOutputs()?['body/navvis_deliveryproductid']",
              "item/navvis_salesdeliverydetailname": " @{outputs('Get_Delivery_Name')?['body/navvis_name']}- @{triggerOutputs()?['body/navvis_quantity']} - @{outputs('Get_Product_Name')?['body/name']}"
            },
            "authentication": "@parameters('$authentication')"
          }
        },
        "Get_Delivery_Name": {
          "runAfter": {},
          "metadata": {
            "operationMetadataId": "ba593078-032d-4136-a419-4f57ad1fcbfc"
          },
          "type": "OpenApiConnection",
          "inputs": {
            "host": {
              "connectionName": "shared_commondataserviceforapps",
              "operationId": "GetItem",
              "apiId": "/providers/Microsoft.PowerApps/apis/shared_commondataserviceforapps"
            },
            "parameters": {
              "entityName": "navvis_deliveries",
              "recordId": "@triggerOutputs()?['body/_navvis_deliveryid_value']"
            },
            "authentication": "@parameters('$authentication')"
          }
        }
      }
    },
    "templateName": ""
  },
  "schemaVersion": "1.0.0.0"
}