{
  "properties": {
    "connectionReferences": {
      "shared_commondataserviceforapps": {
        "runtimeSource": "embedded",
        "connection": {
          "connectionReferenceLogicalName": "navvis_sharedcommondataserviceforapps_a0eb1"
        },
        "api": {
          "name": "shared_commondataserviceforapps"
        }
      }
    },
    "definition": {
      "$schema": "https://schema.management.azure.com/providers/Microsoft.Logic/schemas/2016-06-01/workflowdefinition.json#",
      "contentVersion": "1.0.0.0",
      "parameters": {
        "$connections": {
          "defaultValue": {},
          "type": "Object"
        },
        "$authentication": {
          "defaultValue": {},
          "type": "SecureObject"
        }
      },
      "triggers": {
        "When_a_row_is_added,_modified_or_deleted": {
          "metadata": {
            "operationMetadataId": "949370a9-9f48-49e2-b769-01d9ce71c3a3"
          },
          "type": "OpenApiConnectionWebhook",
          "inputs": {
            "host": {
              "connectionName": "shared_commondataserviceforapps",
              "operationId": "SubscribeWebhookTrigger",
              "apiId": "/providers/Microsoft.PowerApps/apis/shared_commondataserviceforapps"
            },
            "parameters": {
              "subscriptionRequest/message": 3,
              "subscriptionRequest/entityname": "navvis_delivery",
              "subscriptionRequest/scope": 4,
              "subscriptionRequest/filteringattributes": "navvis_customerid, navvis_ordernumber, navvis_deliverydate"
            },
            "authentication": "@parameters('$authentication')"
          }
        }
      },
      "actions": {
        "Update_Delivery_Name": {
          "runAfter": {
            "Set_DeliveryName": [
              "Succeeded"
            ]
          },
          "metadata": {
            "operationMetadataId": "3849eb08-a541-4dd1-a3a9-06a5dfb9a3e2"
          },
          "type": "OpenApiConnection",
          "inputs": {
            "host": {
              "connectionName": "shared_commondataserviceforapps",
              "operationId": "UpdateRecord",
              "apiId": "/providers/Microsoft.PowerApps/apis/shared_commondataserviceforapps"
            },
            "parameters": {
              "entityName": "navvis_deliveries",
              "recordId": "@triggerOutputs()?['body/navvis_deliveryid']",
              "item/navvis_name": "@variables('DeliveryName')"
            },
            "authentication": "@parameters('$authentication')"
          }
        },
        "Get_Customer_Name": {
          "runAfter": {},
          "metadata": {
            "operationMetadataId": "85db9b4d-cf77-4ac9-a2d5-0ab925f22c31"
          },
          "type": "OpenApiConnection",
          "inputs": {
            "host": {
              "connectionName": "shared_commondataserviceforapps",
              "operationId": "GetItem",
              "apiId": "/providers/Microsoft.PowerApps/apis/shared_commondataserviceforapps"
            },
            "parameters": {
              "entityName": "accounts",
              "recordId": "@triggerOutputs()?['body/_navvis_customerid_value']"
            },
            "authentication": "@parameters('$authentication')"
          }
        },
        "Initialize_DeliveryName": {
          "runAfter": {
            "Get_Customer_Name": [
              "Succeeded"
            ]
          },
          "metadata": {
            "operationMetadataId": "a5d76546-6c82-41da-9acf-9a47daf15ea8"
          },
          "type": "InitializeVariable",
          "inputs": {
            "variables": [
              {
                "name": "DeliveryName",
                "type": "string"
              }
            ]
          }
        },
        "Set_DeliveryName": {
          "runAfter": {
            "Initialize_DeliveryName": [
              "Succeeded"
            ]
          },
          "metadata": {
            "operationMetadataId": "38c20e56-8988-4fe6-808d-4e988736a017"
          },
          "type": "SetVariable",
          "inputs": {
            "name": "DeliveryName",
            "value": "@{outputs('Get_Customer_Name')?['body/name']} - @{triggerOutputs()?['body/navvis_ordernumber']} - @{formatDateTime(triggerOutputs()?['body/navvis_deliverydate'], 'dd.MM.yyyy')}"
          }
        },
        "List_Delivery_Products": {
          "runAfter": {
            "Update_Delivery_Name": [
              "Succeeded"
            ]
          },
          "metadata": {
            "operationMetadataId": "6c260d21-aa36-4ce8-beb7-1a1d4dda5dab"
          },
          "type": "OpenApiConnection",
          "inputs": {
            "host": {
              "connectionName": "shared_commondataserviceforapps",
              "operationId": "ListRecords",
              "apiId": "/providers/Microsoft.PowerApps/apis/shared_commondataserviceforapps"
            },
            "parameters": {
              "entityName": "navvis_deliveryproducts",
              "fetchXml": "<fetch>\n  <entity name=\"navvis_deliveryproduct\">\n    <filter>\n      <condition attribute=\"navvis_deliveryid\" operator=\"eq\" value=\"@{triggerOutputs()?['body/navvis_deliveryid']}\"/>\n    </filter>\n  </entity>\n</fetch>"
            },
            "authentication": "@parameters('$authentication')"
          }
        },
        "Apply_to_each": {
          "foreach": "@outputs('List_Delivery_Products')?['body/value']",
          "actions": {
            "Get_Product_Name": {
              "runAfter": {},
              "metadata": {
                "operationMetadataId": "9f923aac-3796-4659-83eb-ab88eeb38388"
              },
              "type": "OpenApiConnection",
              "inputs": {
                "host": {
                  "connectionName": "shared_commondataserviceforapps",
                  "operationId": "GetItem",
                  "apiId": "/providers/Microsoft.PowerApps/apis/shared_commondataserviceforapps"
                },
                "parameters": {
                  "entityName": "products",
                  "recordId": "@items('Apply_to_each')?['_navvis_productid_value']"
                },
                "authentication": "@parameters('$authentication')"
              }
            },
            "Update_Delivery_Product_Name": {
              "runAfter": {
                "Get_Product_Name": [
                  "Succeeded"
                ]
              },
              "metadata": {
                "operationMetadataId": "c83272ec-4a2f-47ab-8c58-4a2dd8ff7fbd"
              },
              "type": "OpenApiConnection",
              "inputs": {
                "host": {
                  "connectionName": "shared_commondataserviceforapps",
                  "operationId": "UpdateRecord",
                  "apiId": "/providers/Microsoft.PowerApps/apis/shared_commondataserviceforapps"
                },
                "parameters": {
                  "entityName": "navvis_deliveryproducts",
                  "recordId": "@items('Apply_to_each')?['navvis_deliveryproductid']",
                  "item/navvis_salesdeliverydetailname": "@{variables('DeliveryName')} - @{items('Apply_to_each')?['navvis_quantity']} - @{outputs('Get_Product_Name')?['body/name']}"
                },
                "authentication": "@parameters('$authentication')"
              }
            }
          },
          "runAfter": {
            "List_Delivery_Products": [
              "Succeeded"
            ]
          },
          "metadata": {
            "operationMetadataId": "3e160145-ebb4-4206-b180-98b020f70095"
          },
          "type": "Foreach"
        }
      }
    },
    "templateName": ""
  },
  "schemaVersion": "1.0.0.0"
}