<ImportExportXml version="9.2.23022.178" SolutionPackageVersion="9.2" languagecode="1033" generatedBy="CrmLive" xmlns:xsi="http://www.w3.org/2001/XMLSchema-instance">
  <SolutionManifest>
    <UniqueName>codechallenge</UniqueName>
    <LocalizedNames>
      <LocalizedName description="Code Challenge" languagecode="1033" />
    </LocalizedNames>
    <Descriptions />
    <Version>1.0.0.2</Version>
    <Managed>0</Managed>
    <Publisher>
      <UniqueName>navvis</UniqueName>
      <LocalizedNames>
        <LocalizedName description="NavVis" languagecode="1033" />
      </LocalizedNames>
      <Descriptions />
      <EMailAddress xsi:nil="true"></EMailAddress>
      <SupportingWebsiteUrl xsi:nil="true"></SupportingWebsiteUrl>
      <CustomizationPrefix>navvis</CustomizationPrefix>
      <CustomizationOptionValuePrefix>57635</CustomizationOptionValuePrefix>
      <Addresses>
        <Address>
          <AddressNumber>1</AddressNumber>
          <AddressTypeCode>1</AddressTypeCode>
          <City xsi:nil="true"></City>
          <County xsi:nil="true"></County>
          <Country xsi:nil="true"></Country>
          <Fax xsi:nil="true"></Fax>
          <FreightTermsCode xsi:nil="true"></FreightTermsCode>
          <ImportSequenceNumber xsi:nil="true"></ImportSequenceNumber>
          <Latitude xsi:nil="true"></Latitude>
          <Line1 xsi:nil="true"></Line1>
          <Line2 xsi:nil="true"></Line2>
          <Line3 xsi:nil="true"></Line3>
          <Longitude xsi:nil="true"></Longitude>
          <Name xsi:nil="true"></Name>
          <PostalCode xsi:nil="true"></PostalCode>
          <PostOfficeBox xsi:nil="true"></PostOfficeBox>
          <PrimaryContactName xsi:nil="true"></PrimaryContactName>
          <ShippingMethodCode>1</ShippingMethodCode>
          <StateOrProvince xsi:nil="true"></StateOrProvince>
          <Telephone1 xsi:nil="true"></Telephone1>
          <Telephone2 xsi:nil="true"></Telephone2>
          <Telephone3 xsi:nil="true"></Telephone3>
          <TimeZoneRuleVersionNumber xsi:nil="true"></TimeZoneRuleVersionNumber>
          <UPSZone xsi:nil="true"></UPSZone>
          <UTCOffset xsi:nil="true"></UTCOffset>
          <UTCConversionTimeZoneCode xsi:nil="true"></UTCConversionTimeZoneCode>
        </Address>
        <Address>
          <AddressNumber>2</AddressNumber>
          <AddressTypeCode>1</AddressTypeCode>
          <City xsi:nil="true"></City>
          <County xsi:nil="true"></County>
          <Country xsi:nil="true"></Country>
          <Fax xsi:nil="true"></Fax>
          <FreightTermsCode xsi:nil="true"></FreightTermsCode>
          <ImportSequenceNumber xsi:nil="true"></ImportSequenceNumber>
          <Latitude xsi:nil="true"></Latitude>
          <Line1 xsi:nil="true"></Line1>
          <Line2 xsi:nil="true"></Line2>
          <Line3 xsi:nil="true"></Line3>
          <Longitude xsi:nil="true"></Longitude>
          <Name xsi:nil="true"></Name>
          <PostalCode xsi:nil="true"></PostalCode>
          <PostOfficeBox xsi:nil="true"></PostOfficeBox>
          <PrimaryContactName xsi:nil="true"></PrimaryContactName>
          <ShippingMethodCode>1</ShippingMethodCode>
          <StateOrProvince xsi:nil="true"></StateOrProvince>
          <Telephone1 xsi:nil="true"></Telephone1>
          <Telephone2 xsi:nil="true"></Telephone2>
          <Telephone3 xsi:nil="true"></Telephone3>
          <TimeZoneRuleVersionNumber xsi:nil="true"></TimeZoneRuleVersionNumber>
          <UPSZone xsi:nil="true"></UPSZone>
          <UTCOffset xsi:nil="true"></UTCOffset>
          <UTCConversionTimeZoneCode xsi:nil="true"></UTCConversionTimeZoneCode>
        </Address>
      </Addresses>
    </Publisher>
    <RootComponents>
      <RootComponent type="1" schemaName="account" behavior="1" />
      <RootComponent type="1" schemaName="contact" behavior="1" />
      <RootComponent type="1" schemaName="navvis_delivery" behavior="0" />
      <RootComponent type="1" schemaName="navvis_deliveryproduct" behavior="0" />
      <RootComponent type="1" schemaName="product" behavior="1" />
      <RootComponent type="1" schemaName="salesorder" behavior="1" />
      <RootComponent type="1" schemaName="salesorderdetail" behavior="2" />
      <RootComponent type="1" schemaName="systemuser" behavior="1" />
      <RootComponent type="1" schemaName="uom" behavior="1" />
      <RootComponent type="29" id="{1e3105d9-9fc4-ed11-83ff-6045bd8989cb}" behavior="0" />
      <RootComponent type="29" id="{6383aea4-d7c4-ed11-83ff-6045bd8989cb}" behavior="0" />
      <RootComponent type="29" id="{bbd096ae-cac4-ed11-83ff-6045bd8989cb}" behavior="0" />
      <RootComponent type="29" id="{d2f0e7ea-c1c4-ed11-83ff-6045bd8989cb}" behavior="0" />
      <RootComponent type="61" schemaName="navvis_/js/clienthooks.js" behavior="0" />
      <RootComponent type="61" schemaName="navvis_navvislogo" behavior="0" />
      <RootComponent type="62" schemaName="navvis_CodeChallenge" behavior="0" />
      <RootComponent type="80" schemaName="navvis_CodeChallenge" behavior="0" />
      <RootComponent type="91" id="{8953d8bc-05a1-4db0-b837-56f49c731d2a}" schemaName="NavVis.CRM.Plugins, Version=1.0.0.0, Culture=neutral, PublicKeyToken=0ef79a758c27c075" behavior="0" />
    </RootComponents>
    <MissingDependencies>
      <MissingDependency>
        <Required type="1" schemaName="invoice" displayName="Invoice" solution="msdynce_Sales (9.0.4.0076)" />
        <Dependent type="62" schemaName="navvis_CodeChallenge" />
      </MissingDependency>
      <MissingDependency>
        <Required type="1" schemaName="product" displayName="Product" solution="msdynce_ProductManagement (9.0.4.0066)" />
        <Dependent type="1" schemaName="product" displayName="Product" />
      </MissingDependency>
      <MissingDependency>
        <Required type="1" schemaName="product" displayName="Product" solution="msdynce_ProductManagement (9.0.4.0066)" />
        <Dependent type="10" schemaName="navvis_navvis_deliveryproduct_productid_product" displayName="navvis_navvis_deliveryproduct_productid_product" parentSchemaName="product" parentDisplayName="Product" />
      </MissingDependency>
      <MissingDependency>
        <Required type="1" schemaName="product" displayName="Product" solution="msdynce_ProductManagement (9.0.4.0066)" />
        <Dependent type="29" displayName="AutoNameDeliveryUpdate" id="{6383aea4-d7c4-ed11-83ff-6045bd8989cb}" />
      </MissingDependency>
      <MissingDependency>
        <Required type="1" schemaName="product" displayName="Product" solution="msdynce_ProductManagement (9.0.4.0066)" />
        <Dependent type="29" displayName="AutoNameDeliveryCreate" id="{bbd096ae-cac4-ed11-83ff-6045bd8989cb}" />
      </MissingDependency>
      <MissingDependency>
        <Required type="1" schemaName="product" displayName="Product" solution="msdynce_ProductManagement (9.0.4.0066)" />
        <Dependent type="29" displayName="AutoNameDeliveryProduct" id="{d2f0e7ea-c1c4-ed11-83ff-6045bd8989cb}" />
      </MissingDependency>
      <MissingDependency>
        <Required type="1" schemaName="quote" displayName="Quote" solution="msdynce_Sales (9.0.4.0076)" />
        <Dependent type="62" schemaName="navvis_CodeChallenge" />
      </MissingDependency>
      <MissingDependency>
        <Required type="1" schemaName="salesorder" displayName="Order" solution="msdynce_Sales (9.0.4.0076)" />
        <Dependent type="1" schemaName="salesorder" displayName="Order" />
      </MissingDependency>
      <MissingDependency>
        <Required type="1" schemaName="salesorder" displayName="Order" solution="msdynce_Sales (9.0.4.0076)" />
        <Dependent type="10" schemaName="navvis_navvis_delivery_orderid_salesorder" displayName="navvis_navvis_delivery_orderid_salesorder" parentSchemaName="salesorder" parentDisplayName="Order" />
      </MissingDependency>
      <MissingDependency>
        <Required type="1" schemaName="salesorder" displayName="Order" solution="msdynce_Sales (9.0.4.0076)" />
        <Dependent type="29" displayName="Notify Owner on Delivery" id="{1e3105d9-9fc4-ed11-83ff-6045bd8989cb}" />
      </MissingDependency>
      <MissingDependency>
        <Required type="1" schemaName="salesorder" displayName="Order" solution="msdynce_Sales (9.0.4.0076)" />
        <Dependent type="62" schemaName="navvis_CodeChallenge" />
      </MissingDependency>
      <MissingDependency>
        <Required type="1" schemaName="salesorderdetail" displayName="Order Product" solution="msdynce_Sales (9.0.4.0076)" />
        <Dependent type="1" schemaName="salesorderdetail" displayName="Order Product" />
      </MissingDependency>
      <MissingDependency>
        <Required type="1" schemaName="salesorderdetail" displayName="Order Product" solution="msdynce_Sales (9.0.4.0076)" />
        <Dependent type="10" schemaName="navvis_SalesOrderDetail_SalesOrderDetail_navvis_" displayName="navvis_SalesOrderDetail_SalesOrderDetail_navvis_" parentSchemaName="salesorderdetail" parentDisplayName="Order Product" />
      </MissingDependency>
      <MissingDependency>
        <Required type="1" schemaName="uom" displayName="Unit" solution="msdynce_ProductManagement (9.0.4.0066)" />
        <Dependent type="1" schemaName="uom" displayName="Unit" />
      </MissingDependency>
      <MissingDependency>
        <Required type="1" schemaName="uom" displayName="Unit" solution="msdynce_ProductManagement (9.0.4.0066)" />
        <Dependent type="10" schemaName="navvis_navvis_deliveryproduct_uomid_uom" displayName="navvis_navvis_deliveryproduct_uomid_uom" parentSchemaName="uom" parentDisplayName="Unit" />
      </MissingDependency>
      <MissingDependency>
        <Required type="2" schemaName="name" displayName="Name" parentSchemaName="product" parentDisplayName="Product" solution="msdynce_ProductManagement (9.0.4.0066)" />
        <Dependent type="10" schemaName="navvis_navvis_deliveryproduct_productid_product" displayName="navvis_navvis_deliveryproduct_productid_product" parentSchemaName="product" parentDisplayName="Product" />
      </MissingDependency>
      <MissingDependency>
        <Required type="2" schemaName="productid" displayName="Product" parentSchemaName="product" parentDisplayName="Product" solution="msdynce_ProductManagement (9.0.4.0066)" />
        <Dependent type="10" schemaName="navvis_navvis_deliveryproduct_productid_product" displayName="navvis_navvis_deliveryproduct_productid_product" parentSchemaName="product" parentDisplayName="Product" />
      </MissingDependency>
      <MissingDependency>
        <Required type="2" schemaName="customerid" displayName="Customer" parentSchemaName="salesorder" parentDisplayName="Order" solution="msdynce_Sales (9.0.4.0076)" />
        <Dependent type="10" schemaName="navvis_navvis_delivery_orderid_salesorder" displayName="navvis_navvis_delivery_orderid_salesorder" parentSchemaName="salesorder" parentDisplayName="Order" />
      </MissingDependency>
      <MissingDependency>
        <Required type="2" schemaName="customeridtype" displayName="Customer Type" parentSchemaName="salesorder" parentDisplayName="Order" solution="Active" />
        <Dependent type="10" schemaName="navvis_navvis_delivery_orderid_salesorder" displayName="navvis_navvis_delivery_orderid_salesorder" parentSchemaName="salesorder" parentDisplayName="Order" />
      </MissingDependency>
      <MissingDependency>
        <Required type="2" schemaName="name" displayName="Name" parentSchemaName="salesorder" parentDisplayName="Order" solution="msdynce_Sales (9.0.4.0076)" />
        <Dependent type="10" schemaName="navvis_navvis_delivery_orderid_salesorder" displayName="navvis_navvis_delivery_orderid_salesorder" parentSchemaName="salesorder" parentDisplayName="Order" />
      </MissingDependency>
      <MissingDependency>
        <Required type="2" schemaName="salesorderid" displayName="Order" parentSchemaName="salesorder" parentDisplayName="Order" solution="msdynce_Sales (9.0.4.0076)" />
        <Dependent type="10" schemaName="navvis_navvis_delivery_orderid_salesorder" displayName="navvis_navvis_delivery_orderid_salesorder" parentSchemaName="salesorder" parentDisplayName="Order" />
      </MissingDependency>
      <MissingDependency>
        <Required type="2" schemaName="productid" displayName="Existing Product" parentSchemaName="salesorderdetail" parentDisplayName="Order Product" solution="msdynce_Sales (9.0.4.0076)" />
        <Dependent type="10" schemaName="navvis_SalesOrderDetail_SalesOrderDetail_navvis_" displayName="navvis_SalesOrderDetail_SalesOrderDetail_navvis_" parentSchemaName="salesorderdetail" parentDisplayName="Order Product" />
      </MissingDependency>
      <MissingDependency>
        <Required type="2" schemaName="quantity" displayName="Quantity" parentSchemaName="salesorderdetail" parentDisplayName="Order Product" solution="msdynce_Sales (9.0.4.0076)" />
        <Dependent type="10" schemaName="navvis_SalesOrderDetail_SalesOrderDetail_navvis_" displayName="navvis_SalesOrderDetail_SalesOrderDetail_navvis_" parentSchemaName="salesorderdetail" parentDisplayName="Order Product" />
      </MissingDependency>
      <MissingDependency>
        <Required type="2" schemaName="salesorderdetailid" displayName="Order Product" parentSchemaName="salesorderdetail" parentDisplayName="Order Product" solution="msdynce_Sales (9.0.4.0076)" />
        <Dependent type="10" schemaName="navvis_SalesOrderDetail_SalesOrderDetail_navvis_" displayName="navvis_SalesOrderDetail_SalesOrderDetail_navvis_" parentSchemaName="salesorderdetail" parentDisplayName="Order Product" />
      </MissingDependency>
      <MissingDependency>
        <Required type="2" schemaName="salesorderdetailname" displayName="Name" parentSchemaName="salesorderdetail" parentDisplayName="Order Product" solution="msdynce_SalesPatch (9.0.1904.3002)" />
        <Dependent type="10" schemaName="navvis_SalesOrderDetail_SalesOrderDetail_navvis_" displayName="navvis_SalesOrderDetail_SalesOrderDetail_navvis_" parentSchemaName="salesorderdetail" parentDisplayName="Order Product" />
      </MissingDependency>
      <MissingDependency>
        <Required type="2" schemaName="uomid" displayName="Unit" parentSchemaName="salesorderdetail" parentDisplayName="Order Product" solution="msdynce_Sales (9.0.4.0076)" />
        <Dependent type="10" schemaName="navvis_SalesOrderDetail_SalesOrderDetail_navvis_" displayName="navvis_SalesOrderDetail_SalesOrderDetail_navvis_" parentSchemaName="salesorderdetail" parentDisplayName="Order Product" />
      </MissingDependency>
      <MissingDependency>
        <Required type="2" schemaName="name" displayName="Name" parentSchemaName="uom" parentDisplayName="Unit" solution="msdynce_ProductManagement (9.0.4.0066)" />
        <Dependent type="10" schemaName="navvis_navvis_deliveryproduct_uomid_uom" displayName="navvis_navvis_deliveryproduct_uomid_uom" parentSchemaName="uom" parentDisplayName="Unit" />
      </MissingDependency>
      <MissingDependency>
        <Required type="2" schemaName="uomid" displayName="Unit" parentSchemaName="uom" parentDisplayName="Unit" solution="msdynce_ProductManagement (9.0.4.0066)" />
        <Dependent type="10" schemaName="navvis_navvis_deliveryproduct_uomid_uom" displayName="navvis_navvis_deliveryproduct_uomid_uom" parentSchemaName="uom" parentDisplayName="Unit" />
      </MissingDependency>
    </MissingDependencies>
  </SolutionManifest>
</ImportExportXml>