{
  "properties": {
    "connectionReferences": {
      "shared_commondataserviceforapps": {
        "runtimeSource": "embedded",
        "connection": {
          "connectionReferenceLogicalName": "navvis_sharedcommondataserviceforapps_a0eb1"
        },
        "api": {
          "name": "shared_commondataserviceforapps"
        }
      },
      "shared_office365": {
        "runtimeSource": "embedded",
        "connection": {
          "connectionReferenceLogicalName": "navvis_sharedoffice365_1cd88"
        },
        "api": {
          "name": "shared_office365"
        }
      }
    },
    "definition": {
      "$schema": "https://schema.management.azure.com/providers/Microsoft.Logic/schemas/2016-06-01/workflowdefinition.json#",
      "contentVersion": "1.0.0.0",
      "parameters": {
        "$connections": {
          "defaultValue": {},
          "type": "Object"
        },
        "$authentication": {
          "defaultValue": {},
          "type": "SecureObject"
        }
      },
      "triggers": {
        "When_a_row_is_added,_modified_or_deleted": {
          "metadata": {
            "operationMetadataId": "38be0025-feaf-4945-a852-87d45e3d0499"
          },
          "type": "OpenApiConnectionWebhook",
          "inputs": {
            "host": {
              "connectionName": "shared_commondataserviceforapps",
              "operationId": "SubscribeWebhookTrigger",
              "apiId": "/providers/Microsoft.PowerApps/apis/shared_commondataserviceforapps"
            },
            "parameters": {
              "subscriptionRequest/message": 3,
              "subscriptionRequest/entityname": "navvis_delivery",
              "subscriptionRequest/scope": 4,
              "subscriptionRequest/filteringattributes": "statuscode",
              "subscriptionRequest/filterexpression": "(statuscode eq 576350003)"
            },
            "authentication": "@parameters('$authentication')"
          }
        }
      },
      "actions": {
        "Get_the_original_order": {
          "runAfter": {},
          "metadata": {
            "operationMetadataId": "2411ae60-d5c5-4596-ae79-cab48acc1059"
          },
          "type": "OpenApiConnection",
          "inputs": {
            "host": {
              "connectionName": "shared_commondataserviceforapps",
              "operationId": "GetItem",
              "apiId": "/providers/Microsoft.PowerApps/apis/shared_commondataserviceforapps"
            },
            "parameters": {
              "entityName": "salesorders",
              "recordId": "@triggerOutputs()?['body/_navvis_orderid_value']"
            },
            "authentication": "@parameters('$authentication')"
          }
        },
        "Send_an_email_(V2)": {
          "runAfter": {
            "Get_the_order_Owner": [
              "Succeeded"
            ]
          },
          "metadata": {
            "operationMetadataId": "4a1b35c9-72ac-49c6-a89b-9496741a6281"
          },
          "type": "OpenApiConnection",
          "inputs": {
            "host": {
              "connectionName": "shared_office365",
              "operationId": "SendEmailV2",
              "apiId": "/providers/Microsoft.PowerApps/apis/shared_office365"
            },
            "parameters": {
              "emailMessage/To": "@outputs('Get_the_order_Owner')?['body/internalemailaddress']",
              "emailMessage/Subject": "@{outputs('Get_the_original_order')?['body/ordernumber']} delivered",
              "emailMessage/Body": "<p>I am pleased to inform you that order, @{outputs('Get_the_original_order')?['body/ordernumber']}, has been successfully delivered to the address you provided. We hope that you are satisfied with your purchase and that it meets your expectations.<br>\n<br>\nRegards,</p>",
              "emailMessage/Importance": "Normal"
            },
            "authentication": "@parameters('$authentication')"
          }
        },
        "Get_the_order_Owner": {
          "runAfter": {
            "Get_the_original_order": [
              "Succeeded"
            ]
          },
          "metadata": {
            "operationMetadataId": "ca912f03-f5cd-47c7-9ebd-186a7731279b"
          },
          "type": "OpenApiConnection",
          "inputs": {
            "host": {
              "connectionName": "shared_commondataserviceforapps",
              "operationId": "GetItem",
              "apiId": "/providers/Microsoft.PowerApps/apis/shared_commondataserviceforapps"
            },
            "parameters": {
              "entityName": "systemusers",
              "recordId": "@outputs('Get_the_original_order')?['body/_ownerid_value']"
            },
            "authentication": "@parameters('$authentication')"
          }
        }
      }
    },
    "templateName": ""
  },
  "schemaVersion": "1.0.0.0"
}